{"mean reward": 0.35450461506843567, "max reward": 0.5214329361915588, "_timestamp": 1707285601.6918473, "_runtime": 24696.23527932167, "_step": 149, "_wandb": {"runtime": 24696}}