{"acc": 0.7904658137681099, "loss": 0.18105616813832892, "_timestamp": 1706378868.5854695, "_runtime": 7.990307569503784, "_step": 7, "_wandb": {"runtime": 7}}