{"mean reward": 2.7081053256988525, "max reward": 3.627309799194336, "_timestamp": 1707225091.2416506, "_runtime": 115.2838306427002, "_step": 33, "_wandb": {"runtime": 132}}