{"mean reward": 0.0017978744581341743, "max reward": 0.003718455322086811, "reshaped fitness": -0.0017978744581341743, "_timestamp": 1706793627.8167973, "_runtime": 2258.040649175644, "_step": 44, "_wandb": {"runtime": 2298}}