{"mean reward": 2.8426437377929688, "max reward": 3.2905099391937256, "_timestamp": 1707225729.2621267, "_runtime": 316.3619306087494, "_step": 42, "_wandb": {"runtime": 339}}