{"acc": 0.8447163664344637, "loss": 0.07316231510813931, "_timestamp": 1706277270.8438394, "_runtime": 9.958038330078125, "_step": 7, "_wandb": {"runtime": 9}}