{"mean reward": 0.0018239583587273955, "max reward": 0.0029825863894075155, "reshaped fitness": -0.0018239583587273955, "_timestamp": 1706793796.6386766, "_runtime": 122.30597257614136, "_step": 13, "_wandb": {"runtime": 146}}