{"acc": 0.8106079087532605, "loss": 0.2529040918885388, "_timestamp": 1706274009.7258346, "_runtime": 10.750074625015259, "_step": 7, "_wandb": {"runtime": 10}}