{"mean reward": 2.975788116455078, "max reward": 3.28519344329834, "_timestamp": 1707236559.0025964, "_runtime": 10559.521867275238, "_step": 224, "_wandb": {"runtime": 10604}}