{"mean reward": 1.549985647201538, "max reward": 1.845807671546936, "_timestamp": 1707218917.8093934, "_runtime": 126.59996938705444, "_step": 10, "_wandb": {"runtime": 136}}