{"mean reward": 1.9969723224639893, "max reward": 2.733635187149048, "_timestamp": 1707224878.3518336, "_runtime": 343.2664706707001, "_step": 63, "_wandb": {"runtime": 384}}