{"acc": 0.8386605381965637, "loss": 0.26163238286972046, "_timestamp": 1707134465.6289039, "_runtime": 9.502102851867676, "_step": 7, "_wandb": {"runtime": 9}}