{"mean reward": 2.460143566131592, "max reward": 2.766087532043457, "_timestamp": 1707224437.3251266, "_runtime": 222.70652556419373, "_step": 66, "_wandb": {"runtime": 243}}