{"mean reward": 5.672771453857422, "max reward": 6.087807655334473, "_timestamp": 1707240855.0926023, "_runtime": 3977.478909254074, "_step": 40, "_wandb": {"runtime": 4173}}