{"mean reward": 0.0019375731935724616, "max reward": 0.004958024714142084, "reshaped fitness": -0.0019375731935724616, "_timestamp": 1706788516.7733157, "_runtime": 94.68835377693176, "_step": 10, "_wandb": {"runtime": 108}}