{"mean reward": 2.997178792953491, "max reward": 3.911024570465088, "_timestamp": 1707225363.359269, "_runtime": 240.82736802101135, "_step": 65, "_wandb": {"runtime": 283}}