{"mean reward": 0.0018012035870924592, "max reward": 0.00325314630754292, "reshaped fitness": -0.0018012035870924592, "_timestamp": 1706829767.246068, "_runtime": 30213.143980026245, "_step": 2499, "_wandb": {"runtime": 30211}}