{"mean reward": 2.8260605335235596, "max reward": 3.2030844688415527, "_timestamp": 1707243361.374003, "_runtime": 1440.3473060131073, "_step": 49, "_wandb": {"runtime": 1439}}