{"mean reward": 2.5599546432495117, "max reward": 3.022408962249756, "_timestamp": 1707224487.0384226, "_runtime": 5086.914504528046, "_step": 443, "_wandb": {"runtime": 5125}}