{"mean reward": 0.0018947680946439505, "max reward": 0.005459762178361416, "reshaped fitness": -0.0018947680946439505, "_timestamp": 1706788864.4988286, "_runtime": 328.57683062553406, "_step": 38}