{"mean reward": -6.146382958149843e-08, "max reward": 2.1692831069231033e-06, "_timestamp": 1706744390.8846006, "_runtime": 20897.541682720184, "_step": 2499, "_wandb": {"runtime": 20896}}