{"mean reward": 7.267496585845947, "max reward": 7.506903171539307, "_timestamp": 1707327555.1101594, "_runtime": 19315.26289343834, "_step": 59, "_wandb": {"runtime": 19317}}