{"acc": 0.8386605381965637, "loss": 0.26163238286972046, "_timestamp": 1707127479.0982726, "_runtime": 8.49616265296936, "_step": 7, "_wandb": {"runtime": 7}}