{"acc": 0.8583559393882751, "loss": 0.0629924088716507, "_timestamp": 1706695099.1187289, "_runtime": 2.5774598121643066, "_step": 7, "_wandb": {"runtime": 1}}