{"mean reward": 3.01139235496521, "max reward": 3.534722328186035, "_timestamp": 1707225327.3192494, "_runtime": 400.53524136543274, "_step": 43, "_wandb": {"runtime": 433}}