{"mean reward": 4.2874064445495605, "max reward": 4.616304874420166, "_timestamp": 1707230627.9153013, "_runtime": 4848.3903703689575, "_step": 166, "_wandb": {"runtime": 11092}}