{"mean reward": -1.1420254707336426, "max reward": 2.962968349456787, "_timestamp": 1707314082.4477847, "_runtime": 5595.4941256046295, "_step": 59, "_wandb": {"runtime": 5595}}