{"mean reward": 1.2419994277479418e-07, "max reward": 8.642557077109814e-06, "reshaped fitness": -1.2419994277479418e-07, "_timestamp": 1706788411.4981418, "_runtime": 608.5441808700562, "_step": 71, "_wandb": {"runtime": 613}}