{"mean reward": 1.6756844520568848, "max reward": 2.133218288421631, "_timestamp": 1707224939.1286066, "_runtime": 453.0635426044464, "_step": 219, "_wandb": {"runtime": 479}}