{"mean reward": 2.0675172805786133, "max reward": 3.4070792198181152, "_timestamp": 1707218595.994193, "_runtime": 326.11854815483093, "_step": 27, "_wandb": {"runtime": 337}}