{"mean reward": 0.0018515875563025475, "max reward": 0.003595728660002351, "reshaped fitness": -0.0018515875563025475, "_timestamp": 1706790568.8031754, "_runtime": 392.1595814228058, "_step": 39, "_wandb": {"runtime": 395}}