{"mean reward": 2.629232168197632, "max reward": 2.931222438812256, "_timestamp": 1707225952.5612202, "_runtime": 567.013304233551, "_step": 33, "_wandb": {"runtime": 608}}