{"mean reward": 6.402842700481415e-10, "max reward": 3.259629011154175e-09, "_timestamp": 1706722976.3439176, "_runtime": 84.59614968299866, "_step": 49, "_wandb": {"runtime": 84}}