{"mean reward": 6.183014278349219e-08, "max reward": 4.1157472878694534e-06, "_timestamp": 1706723466.933054, "_runtime": 377.6869239807129, "_step": 38, "_wandb": {"runtime": 384}}