{"mean reward": 1.2417761087417603, "max reward": 1.4145385026931763, "reshaped fitness": -1.2417761087417603, "_timestamp": 1707161325.726116, "_runtime": 3467.2871420383453, "_step": 284, "_wandb": {"runtime": 3471}}