{"mean reward": 0.0018300116062164307, "max reward": 0.00389658659696579, "reshaped fitness": -0.0018300116062164307, "_timestamp": 1706795859.9036121, "_runtime": 2005.7818171977997, "_step": 401, "_wandb": {"runtime": 2042}}