{"mean reward": 0.001798521145246923, "max reward": 0.0037815403193235397, "reshaped fitness": -0.001798521145246923, "_timestamp": 1706799489.0412369, "_runtime": 3586.6716408729553, "_step": 221, "_wandb": {"runtime": 3620}}