{"acc": 0.8386605381965637, "loss": 0.26163238286972046, "_timestamp": 1706790004.8296452, "_runtime": 9.426209211349487, "_step": 7, "_wandb": {"runtime": 8}}