{"mean reward": 0.0018095476552844048, "max reward": 0.003846467472612858, "reshaped fitness": -0.0018095476552844048, "_timestamp": 1706791245.3829136, "_runtime": 487.67069363594055, "_step": 57, "_wandb": {"runtime": 515}}